track_id,release_id,track_title,track_number,duration_seconds
1,1,Track 00001,1,283
2,1,Track 00002,2,270
3,1,Track 00003,3,166
4,1,Track 00004,4,316
5,1,Track 00005,5,153
6,1,Track 00006,6,230
7,1,Track 00007,7,248
8,1,Track 00008,8,353
9,1,Track 00009,9,342
10,2,Track 00010,1,332
11,2,Track 00011,2,151
12,2,Track 00012,3,252
13,2,Track 00013,4,159
14,2,Track 00014,5,197
15,2,Track 00015,6,162
16,2,Track 00016,7,161
17,2,Track 00017,8,202
18,3,Track 00018,1,208
19,3,Track 00019,2,360
20,3,Track 00020,3,252
21,3,Track 00021,4,349
22,3,Track 00022,5,192
23,3,Track 00023,6,336
24,3,Track 00024,7,140
25,3,Track 00025,8,184
26,3,Track 00026,9,170
27,3,Track 00027,10,282
28,3,Track 00028,11,261
29,4,Track 00029,1,152
30,4,Track 00030,2,280
31,4,Track 00031,3,197
32,4,Track 00032,4,277
33,4,Track 00033,5,256
34,5,Track 00034,1,248
35,5,Track 00035,2,284
36,6,Track 00036,1,271
37,6,Track 00037,2,268
38,6,Track 00038,3,159
39,6,Track 00039,4,163
40,6,Track 00040,5,288
41,6,Track 00041,6,279
42,6,Track 00042,7,304
43,6,Track 00043,8,350
44,6,Track 00044,9,274
45,6,Track 00045,10,206
46,7,Track 00046,1,130
47,7,Track 00047,2,331
48,7,Track 00048,3,341
49,7,Track 00049,4,127
50,7,Track 00050,5,140
51,7,Track 00051,6,131
52,7,Track 00052,7,284
53,7,Track 00053,8,317
54,7,Track 00054,9,267
55,7,Track 00055,10,187
56,8,Track 00056,1,173
57,8,Track 00057,2,316
58,8,Track 00058,3,266
59,8,Track 00059,4,226
60,8,Track 00060,5,278
61,8,Track 00061,6,283
62,8,Track 00062,7,127
63,8,Track 00063,8,247
64,8,Track 00064,9,347
65,8,Track 00065,10,280
66,8,Track 00066,11,259
67,9,Track 00067,1,284
68,9,Track 00068,2,197
69,9,Track 00069,3,243
70,9,Track 00070,4,182
71,9,Track 00071,5,326
72,9,Track 00072,6,326
73,9,Track 00073,7,295
74,9,Track 00074,8,223
75,9,Track 00075,9,196
76,9,Track 00076,10,236
77,9,Track 00077,11,138
78,9,Track 00078,12,296
79,10,Track 00079,1,160
80,11,Track 00080,1,226
81,11,Track 00081,2,243
82,11,Track 00082,3,238
83,11,Track 00083,4,172
84,11,Track 00084,5,207
85,11,Track 00085,6,275
86,11,Track 00086,7,156
87,11,Track 00087,8,200
88,11,Track 00088,9,340
89,11,Track 00089,10,303
90,11,Track 00090,11,201
91,11,Track 00091,12,307
92,11,Track 00092,13,340
93,11,Track 00093,14,208
94,11,Track 00094,15,222
95,12,Track 00095,1,314
96,12,Track 00096,2,214
97,12,Track 00097,3,251
98,12,Track 00098,4,263
99,12,Track 00099,5,147
100,12,Track 00100,6,201
101,12,Track 00101,7,181
102,12,Track 00102,8,239
103,12,Track 00103,9,151
104,12,Track 00104,10,188
105,13,Track 00105,1,183
106,13,Track 00106,2,156
107,13,Track 00107,3,144
108,13,Track 00108,4,132
109,13,Track 00109,5,194
110,13,Track 00110,6,218
111,13,Track 00111,7,341
112,13,Track 00112,8,277
113,13,Track 00113,9,227
114,13,Track 00114,10,183
115,13,Track 00115,11,341
116,13,Track 00116,12,350
117,13,Track 00117,13,160
118,13,Track 00118,14,328
119,13,Track 00119,15,203
120,14,Track 00120,1,168
121,14,Track 00121,2,315
122,14,Track 00122,3,160
123,14,Track 00123,4,247
124,14,Track 00124,5,251
125,14,Track 00125,6,239
126,14,Track 00126,7,247
127,14,Track 00127,8,345
128,14,Track 00128,9,198
129,14,Track 00129,10,247
130,14,Track 00130,11,125
131,14,Track 00131,12,143
132,14,Track 00132,13,220
133,15,Track 00133,1,237
134,15,Track 00134,2,181
135,15,Track 00135,3,175
136,15,Track 00136,4,269
137,15,Track 00137,5,210
138,15,Track 00138,6,132
139,15,Track 00139,7,132
140,15,Track 00140,8,192
141,15,Track 00141,9,246
142,16,Track 00142,1,193
143,16,Track 00143,2,257
144,16,Track 00144,3,122
145,16,Track 00145,4,336
146,16,Track 00146,5,147
147,16,Track 00147,6,230
148,16,Track 00148,7,154
149,16,Track 00149,8,345
150,16,Track 00150,9,187
151,16,Track 00151,10,306
152,16,Track 00152,11,213
153,16,Track 00153,12,315
154,16,Track 00154,13,223
155,16,Track 00155,14,213
156,16,Track 00156,15,131
157,17,Track 00157,1,133
158,17,Track 00158,2,265
159,17,Track 00159,3,263
160,17,Track 00160,4,169
161,17,Track 00161,5,212
162,17,Track 00162,6,261
163,17,Track 00163,7,193
164,18,Track 00164,1,218
165,18,Track 00165,2,249
166,18,Track 00166,3,235
167,18,Track 00167,4,315
168,18,Track 00168,5,260
169,18,Track 00169,6,191
170,18,Track 00170,7,331
171,18,Track 00171,8,279
172,18,Track 00172,9,294
173,19,Track 00173,1,150
174,19,Track 00174,2,152
175,19,Track 00175,3,144
176,19,Track 00176,4,220
177,19,Track 00177,5,215
178,19,Track 00178,6,323
179,19,Track 00179,7,206
180,19,Track 00180,8,262
181,19,Track 00181,9,360
182,19,Track 00182,10,213
183,20,Track 00183,1,170
184,20,Track 00184,2,274
185,20,Track 00185,3,250
186,20,Track 00186,4,222
187,20,Track 00187,5,248
188,20,Track 00188,6,130
189,20,Track 00189,7,131
190,20,Track 00190,8,129
191,20,Track 00191,9,155
192,20,Track 00192,10,302
193,21,Track 00193,1,325
194,21,Track 00194,2,241
195,21,Track 00195,3,252
196,21,Track 00196,4,236
197,21,Track 00197,5,158
198,21,Track 00198,6,275
199,22,Track 00199,1,155
200,22,Track 00200,2,203
201,22,Track 00201,3,358
202,22,Track 00202,4,276
203,22,Track 00203,5,201
204,22,Track 00204,6,161
205,22,Track 00205,7,220
206,22,Track 00206,8,277
207,22,Track 00207,9,309
208,23,Track 00208,1,271
209,23,Track 00209,2,206
210,23,Track 00210,3,249
211,23,Track 00211,4,332
212,23,Track 00212,5,250
213,24,Track 00213,1,245
214,24,Track 00214,2,301
215,24,Track 00215,3,264
216,24,Track 00216,4,196
217,24,Track 00217,5,241
218,24,Track 00218,6,328
219,24,Track 00219,7,124
220,24,Track 00220,8,214
221,24,Track 00221,9,204
222,25,Track 00222,1,148
223,25,Track 00223,2,226
224,25,Track 00224,3,269
225,25,Track 00225,4,198
226,25,Track 00226,5,323
227,25,Track 00227,6,350
228,25,Track 00228,7,305
229,25,Track 00229,8,343
230,25,Track 00230,9,296
231,25,Track 00231,10,281
232,25,Track 00232,11,126
233,26,Track 00233,1,241
234,26,Track 00234,2,187
235,26,Track 00235,3,287
236,26,Track 00236,4,320
237,26,Track 00237,5,318
238,26,Track 00238,6,268
239,26,Track 00239,7,267
240,26,Track 00240,8,178
241,26,Track 00241,9,304
242,26,Track 00242,10,133
243,27,Track 00243,1,242
244,27,Track 00244,2,163
245,27,Track 00245,3,254
246,27,Track 00246,4,281
247,27,Track 00247,5,304
248,27,Track 00248,6,278
249,27,Track 00249,7,318
250,27,Track 00250,8,335
251,27,Track 00251,9,217
252,27,Track 00252,10,157
253,28,Track 00253,1,182
254,28,Track 00254,2,128
255,28,Track 00255,3,266
256,28,Track 00256,4,299
257,28,Track 00257,5,148
258,28,Track 00258,6,168
259,28,Track 00259,7,124
260,28,Track 00260,8,232
261,28,Track 00261,9,200
262,28,Track 00262,10,227
263,28,Track 00263,11,158
264,29,Track 00264,1,296
265,29,Track 00265,2,172
266,29,Track 00266,3,225
267,29,Track 00267,4,248
268,29,Track 00268,5,318
269,29,Track 00269,6,276
270,29,Track 00270,7,355
271,30,Track 00271,1,343
272,30,Track 00272,2,337
273,30,Track 00273,3,308
274,30,Track 00274,4,306
275,30,Track 00275,5,135
276,30,Track 00276,6,300
277,30,Track 00277,7,155
278,30,Track 00278,8,252
279,30,Track 00279,9,173
280,30,Track 00280,10,263
281,30,Track 00281,11,203
282,30,Track 00282,12,289
283,30,Track 00283,13,242
284,30,Track 00284,14,254
285,30,Track 00285,15,216
286,31,Track 00286,1,164
287,31,Track 00287,2,237
288,31,Track 00288,3,353
289,31,Track 00289,4,256
290,31,Track 00290,5,207
291,31,Track 00291,6,259
292,32,Track 00292,1,293
293,32,Track 00293,2,317
294,32,Track 00294,3,342
295,32,Track 00295,4,304
296,32,Track 00296,5,294
297,32,Track 00297,6,284
298,33,Track 00298,1,187
299,33,Track 00299,2,276
300,33,Track 00300,3,243
301,33,Track 00301,4,169
302,33,Track 00302,5,183
303,33,Track 00303,6,191
304,33,Track 00304,7,262
305,33,Track 00305,8,196
306,33,Track 00306,9,177
307,33,Track 00307,10,196
308,33,Track 00308,11,317
309,33,Track 00309,12,193
310,34,Track 00310,1,173
311,34,Track 00311,2,296
312,34,Track 00312,3,300
313,34,Track 00313,4,245
314,34,Track 00314,5,201
315,34,Track 00315,6,242
316,34,Track 00316,7,209
317,34,Track 00317,8,263
318,34,Track 00318,9,359
319,34,Track 00319,10,359
320,34,Track 00320,11,323
321,34,Track 00321,12,304
322,35,Track 00322,1,193
323,35,Track 00323,2,151
324,35,Track 00324,3,266
325,35,Track 00325,4,293
326,35,Track 00326,5,259
327,36,Track 00327,1,349
328,36,Track 00328,2,221
329,36,Track 00329,3,329
330,36,Track 00330,4,208
331,36,Track 00331,5,317
332,36,Track 00332,6,325
333,36,Track 00333,7,157
334,37,Track 00334,1,130
335,37,Track 00335,2,193
336,37,Track 00336,3,302
337,37,Track 00337,4,140
338,37,Track 00338,5,208
339,37,Track 00339,6,356
340,37,Track 00340,7,233
341,37,Track 00341,8,287
342,37,Track 00342,9,185
343,37,Track 00343,10,311
344,37,Track 00344,11,242
345,37,Track 00345,12,174
346,38,Track 00346,1,331
347,38,Track 00347,2,257
348,38,Track 00348,3,189
349,38,Track 00349,4,358
350,39,Track 00350,1,298
351,39,Track 00351,2,189
352,39,Track 00352,3,155
353,39,Track 00353,4,147
354,39,Track 00354,5,277
355,39,Track 00355,6,309
356,39,Track 00356,7,270
357,39,Track 00357,8,181
358,39,Track 00358,9,182
359,40,Track 00359,1,291
360,40,Track 00360,2,351
361,40,Track 00361,3,255
362,40,Track 00362,4,177
363,40,Track 00363,5,283
364,40,Track 00364,6,179
365,40,Track 00365,7,133
366,40,Track 00366,8,145
367,41,Track 00367,1,204
368,41,Track 00368,2,303
369,41,Track 00369,3,240
370,41,Track 00370,4,145
371,41,Track 00371,5,294
372,41,Track 00372,6,317
373,41,Track 00373,7,155
374,41,Track 00374,8,121
375,41,Track 00375,9,260
376,41,Track 00376,10,357
377,41,Track 00377,11,160
378,41,Track 00378,12,224
379,41,Track 00379,13,287
380,41,Track 00380,14,359
381,42,Track 00381,1,242
382,42,Track 00382,2,286
383,42,Track 00383,3,171
384,42,Track 00384,4,313
385,42,Track 00385,5,193
386,42,Track 00386,6,202
387,42,Track 00387,7,193
388,42,Track 00388,8,285
389,43,Track 00389,1,352
390,44,Track 00390,1,286
391,44,Track 00391,2,266
392,45,Track 00392,1,256
393,45,Track 00393,2,309
394,45,Track 00394,3,305
395,45,Track 00395,4,337
396,46,Track 00396,1,353
397,47,Track 00397,1,226
398,47,Track 00398,2,345
399,47,Track 00399,3,334
400,48,Track 00400,1,359
401,48,Track 00401,2,355
402,48,Track 00402,3,129
403,49,Track 00403,1,321
404,49,Track 00404,2,246
405,49,Track 00405,3,167
406,49,Track 00406,4,359
407,49,Track 00407,5,311
408,49,Track 00408,6,343
409,49,Track 00409,7,357
410,49,Track 00410,8,194
411,49,Track 00411,9,344
412,49,Track 00412,10,129
413,49,Track 00413,11,122
414,49,Track 00414,12,196
415,49,Track 00415,13,265
416,49,Track 00416,14,274
417,50,Track 00417,1,357
418,50,Track 00418,2,205
419,50,Track 00419,3,192
420,50,Track 00420,4,236
421,50,Track 00421,5,284
422,50,Track 00422,6,259
423,50,Track 00423,7,254
424,50,Track 00424,8,246
425,50,Track 00425,9,347
426,51,Track 00426,1,337
427,51,Track 00427,2,249
428,51,Track 00428,3,239
429,52,Track 00429,1,169
430,52,Track 00430,2,327
431,52,Track 00431,3,148
432,52,Track 00432,4,204
433,52,Track 00433,5,161
434,53,Track 00434,1,237
435,53,Track 00435,2,285
436,53,Track 00436,3,185
437,53,Track 00437,4,303
438,53,Track 00438,5,167
439,53,Track 00439,6,123
440,53,Track 00440,7,308
441,53,Track 00441,8,206
442,53,Track 00442,9,322
443,53,Track 00443,10,195
444,53,Track 00444,11,265
445,53,Track 00445,12,292
446,54,Track 00446,1,164
447,54,Track 00447,2,276
448,54,Track 00448,3,339
449,54,Track 00449,4,283
450,55,Track 00450,1,331
451,55,Track 00451,2,229
452,55,Track 00452,3,251
453,55,Track 00453,4,203
454,55,Track 00454,5,142
455,55,Track 00455,6,222
456,55,Track 00456,7,291
457,55,Track 00457,8,144
458,55,Track 00458,9,167
459,55,Track 00459,10,155
460,55,Track 00460,11,242
461,55,Track 00461,12,202
462,55,Track 00462,13,359
463,55,Track 00463,14,183
464,56,Track 00464,1,186
465,56,Track 00465,2,218
466,56,Track 00466,3,180
467,56,Track 00467,4,234
468,56,Track 00468,5,312
469,56,Track 00469,6,188
470,56,Track 00470,7,204
471,56,Track 00471,8,197
472,57,Track 00472,1,186
473,57,Track 00473,2,287
474,57,Track 00474,3,212
475,57,Track 00475,4,297
476,57,Track 00476,5,180
477,57,Track 00477,6,135
478,57,Track 00478,7,290
479,57,Track 00479,8,150
480,58,Track 00480,1,198
481,58,Track 00481,2,160
482,58,Track 00482,3,223
483,58,Track 00483,4,295
484,58,Track 00484,5,248
485,58,Track 00485,6,356
486,58,Track 00486,7,349
487,58,Track 00487,8,347
488,58,Track 00488,9,300
489,58,Track 00489,10,317
490,58,Track 00490,11,199
491,58,Track 00491,12,296
492,58,Track 00492,13,150
493,58,Track 00493,14,283
494,58,Track 00494,15,354
495,59,Track 00495,1,214
496,59,Track 00496,2,277
497,59,Track 00497,3,176
498,59,Track 00498,4,176
499,59,Track 00499,5,154
500,60,Track 00500,1,159
501,60,Track 00501,2,236
502,60,Track 00502,3,311
503,60,Track 00503,4,275
504,60,Track 00504,5,215
505,60,Track 00505,6,226
506,60,Track 00506,7,299
507,60,Track 00507,8,260
508,60,Track 00508,9,353
509,60,Track 00509,10,240
510,60,Track 00510,11,313
511,60,Track 00511,12,257
512,60,Track 00512,13,325
513,60,Track 00513,14,290
514,60,Track 00514,15,331
515,61,Track 00515,1,315
516,61,Track 00516,2,183
517,61,Track 00517,3,294
518,61,Track 00518,4,313
519,62,Track 00519,1,254
520,62,Track 00520,2,234
521,62,Track 00521,3,255
522,62,Track 00522,4,300
523,62,Track 00523,5,212
524,62,Track 00524,6,139
525,62,Track 00525,7,354
526,62,Track 00526,8,264
527,62,Track 00527,9,148
528,63,Track 00528,1,332
529,63,Track 00529,2,260
530,63,Track 00530,3,351
531,63,Track 00531,4,249
532,63,Track 00532,5,171
533,63,Track 00533,6,266
534,63,Track 00534,7,257
535,63,Track 00535,8,158
536,64,Track 00536,1,203
537,64,Track 00537,2,338
538,64,Track 00538,3,253
539,65,Track 00539,1,149
540,65,Track 00540,2,294
541,65,Track 00541,3,172
542,65,Track 00542,4,303
543,65,Track 00543,5,269
544,65,Track 00544,6,245
545,65,Track 00545,7,143
546,65,Track 00546,8,350
547,66,Track 00547,1,327
548,66,Track 00548,2,134
549,66,Track 00549,3,236
550,66,Track 00550,4,153
551,66,Track 00551,5,251
552,66,Track 00552,6,226
553,66,Track 00553,7,236
554,66,Track 00554,8,264
555,66,Track 00555,9,134
556,66,Track 00556,10,263
557,66,Track 00557,11,238
558,66,Track 00558,12,292
559,66,Track 00559,13,326
560,66,Track 00560,14,198
561,66,Track 00561,15,305
562,67,Track 00562,1,221
563,68,Track 00563,1,329
564,68,Track 00564,2,120
565,68,Track 00565,3,310
566,68,Track 00566,4,175
567,68,Track 00567,5,268
568,69,Track 00568,1,131
569,69,Track 00569,2,228
570,70,Track 00570,1,299
571,70,Track 00571,2,136
572,70,Track 00572,3,258
573,70,Track 00573,4,135
574,70,Track 00574,5,359
575,70,Track 00575,6,348
576,71,Track 00576,1,359
577,71,Track 00577,2,240
578,72,Track 00578,1,193
579,73,Track 00579,1,166
580,73,Track 00580,2,316
581,73,Track 00581,3,154
582,73,Track 00582,4,316
583,73,Track 00583,5,284
584,73,Track 00584,6,306
585,73,Track 00585,7,285
586,73,Track 00586,8,227
587,73,Track 00587,9,215
588,73,Track 00588,10,348
589,73,Track 00589,11,217
590,73,Track 00590,12,234
591,73,Track 00591,13,342
592,73,Track 00592,14,354
593,74,Track 00593,1,216
594,74,Track 00594,2,140
595,74,Track 00595,3,294
596,74,Track 00596,4,289
597,74,Track 00597,5,343
598,74,Track 00598,6,258
599,74,Track 00599,7,154
600,75,Track 00600,1,340
601,75,Track 00601,2,209
602,75,Track 00602,3,150
603,75,Track 00603,4,165
604,75,Track 00604,5,257
605,75,Track 00605,6,220
606,75,Track 00606,7,255
607,75,Track 00607,8,152
608,75,Track 00608,9,306
609,75,Track 00609,10,177
610,75,Track 00610,11,333
611,76,Track 00611,1,313
612,77,Track 00612,1,196
613,78,Track 00613,1,292
614,78,Track 00614,2,304
615,78,Track 00615,3,259
616,78,Track 00616,4,228
617,78,Track 00617,5,256
618,78,Track 00618,6,217
619,78,Track 00619,7,330
620,78,Track 00620,8,178
621,79,Track 00621,1,237
622,79,Track 00622,2,208
623,79,Track 00623,3,159
624,79,Track 00624,4,190
625,80,Track 00625,1,359
626,80,Track 00626,2,344
627,80,Track 00627,3,305
628,80,Track 00628,4,315
629,80,Track 00629,5,148
630,80,Track 00630,6,128
631,80,Track 00631,7,327
632,80,Track 00632,8,289
633,80,Track 00633,9,227
634,80,Track 00634,10,277
635,80,Track 00635,11,316
636,81,Track 00636,1,181
637,81,Track 00637,2,172
638,81,Track 00638,3,137
639,81,Track 00639,4,145
640,81,Track 00640,5,272
641,81,Track 00641,6,128
642,81,Track 00642,7,234
643,81,Track 00643,8,273
644,82,Track 00644,1,182
645,82,Track 00645,2,309
646,82,Track 00646,3,131
647,82,Track 00647,4,222
648,82,Track 00648,5,232
649,82,Track 00649,6,179
650,82,Track 00650,7,258
651,82,Track 00651,8,175
652,83,Track 00652,1,155
653,84,Track 00653,1,194
654,84,Track 00654,2,179
655,84,Track 00655,3,328
656,84,Track 00656,4,354
657,84,Track 00657,5,307
658,84,Track 00658,6,267
659,84,Track 00659,7,201
660,84,Track 00660,8,267
661,84,Track 00661,9,273
662,85,Track 00662,1,329
663,85,Track 00663,2,202
664,85,Track 00664,3,180
665,85,Track 00665,4,197
666,85,Track 00666,5,344
667,85,Track 00667,6,156
668,85,Track 00668,7,289
669,85,Track 00669,8,253
670,85,Track 00670,9,176
671,85,Track 00671,10,225
672,85,Track 00672,11,196
673,86,Track 00673,1,135
674,86,Track 00674,2,262
675,86,Track 00675,3,271
676,86,Track 00676,4,345
677,86,Track 00677,5,308
678,87,Track 00678,1,280
679,87,Track 00679,2,293
680,87,Track 00680,3,229
681,87,Track 00681,4,262
682,87,Track 00682,5,246
683,87,Track 00683,6,132
684,87,Track 00684,7,208
685,87,Track 00685,8,284
686,87,Track 00686,9,291
687,87,Track 00687,10,217
688,88,Track 00688,1,201
689,88,Track 00689,2,298
690,88,Track 00690,3,226
691,88,Track 00691,4,224
692,88,Track 00692,5,158
693,88,Track 00693,6,196
694,88,Track 00694,7,216
695,88,Track 00695,8,167
696,88,Track 00696,9,313
697,89,Track 00697,1,181
698,89,Track 00698,2,337
699,89,Track 00699,3,177
700,89,Track 00700,4,196
701,89,Track 00701,5,339
702,89,Track 00702,6,301
703,89,Track 00703,7,156
704,89,Track 00704,8,326
705,89,Track 00705,9,238
706,89,Track 00706,10,354
707,89,Track 00707,11,134
708,89,Track 00708,12,263
709,89,Track 00709,13,225
710,89,Track 00710,14,226
711,89,Track 00711,15,262
712,90,Track 00712,1,154
713,90,Track 00713,2,219
714,90,Track 00714,3,182
715,90,Track 00715,4,185
716,90,Track 00716,5,172
717,90,Track 00717,6,204
718,90,Track 00718,7,285
719,90,Track 00719,8,140
720,90,Track 00720,9,356
721,91,Track 00721,1,336
722,91,Track 00722,2,214
723,91,Track 00723,3,143
724,91,Track 00724,4,257
725,91,Track 00725,5,305
726,91,Track 00726,6,332
727,91,Track 00727,7,168
728,91,Track 00728,8,133
729,91,Track 00729,9,188
730,91,Track 00730,10,216
731,91,Track 00731,11,292
732,91,Track 00732,12,274
733,91,Track 00733,13,274
734,91,Track 00734,14,130
735,91,Track 00735,15,343
736,92,Track 00736,1,168
737,92,Track 00737,2,325
738,93,Track 00738,1,305
739,93,Track 00739,2,291
740,93,Track 00740,3,263
741,93,Track 00741,4,175
742,93,Track 00742,5,242
743,93,Track 00743,6,173
744,93,Track 00744,7,342
745,93,Track 00745,8,352
746,93,Track 00746,9,205
747,93,Track 00747,10,197
748,94,Track 00748,1,174
749,95,Track 00749,1,309
750,95,Track 00750,2,150
751,95,Track 00751,3,311
752,95,Track 00752,4,313
753,95,Track 00753,5,242
754,95,Track 00754,6,354
755,95,Track 00755,7,182
756,95,Track 00756,8,298
757,95,Track 00757,9,274
758,95,Track 00758,10,300
759,95,Track 00759,11,172
760,96,Track 00760,1,354
761,96,Track 00761,2,181
762,96,Track 00762,3,261
763,96,Track 00763,4,202
764,96,Track 00764,5,318
765,96,Track 00765,6,192
766,96,Track 00766,7,217
767,96,Track 00767,8,239
768,96,Track 00768,9,256
769,96,Track 00769,10,286
770,96,Track 00770,11,211
771,96,Track 00771,12,198
772,96,Track 00772,13,186
773,96,Track 00773,14,212
774,97,Track 00774,1,345
775,97,Track 00775,2,247
776,97,Track 00776,3,239
777,97,Track 00777,4,145
778,97,Track 00778,5,325
779,97,Track 00779,6,304
780,97,Track 00780,7,240
781,97,Track 00781,8,314
782,97,Track 00782,9,334
783,98,Track 00783,1,354
784,98,Track 00784,2,172
785,98,Track 00785,3,214
786,98,Track 00786,4,200
787,98,Track 00787,5,225
788,98,Track 00788,6,131
789,99,Track 00789,1,341
790,99,Track 00790,2,176
791,99,Track 00791,3,309
792,99,Track 00792,4,157
793,99,Track 00793,5,124
794,99,Track 00794,6,186
795,99,Track 00795,7,261
796,99,Track 00796,8,359
797,99,Track 00797,9,269
798,99,Track 00798,10,268
799,100,Track 00799,1,226
800,100,Track 00800,2,195
801,100,Track 00801,3,159
802,100,Track 00802,4,170
803,100,Track 00803,5,204
804,100,Track 00804,6,178
805,100,Track 00805,7,217
806,100,Track 00806,8,265
807,100,Track 00807,9,333
808,100,Track 00808,10,182
809,100,Track 00809,11,247
810,100,Track 00810,12,260
811,101,Track 00811,1,185
812,101,Track 00812,2,315
813,101,Track 00813,3,330
814,101,Track 00814,4,245
815,101,Track 00815,5,305
816,101,Track 00816,6,284
817,101,Track 00817,7,309
818,101,Track 00818,8,245
819,101,Track 00819,9,237
820,101,Track 00820,10,163
821,101,Track 00821,11,307
822,101,Track 00822,12,323
823,101,Track 00823,13,210
824,102,Track 00824,1,155
825,102,Track 00825,2,304
826,102,Track 00826,3,259
827,103,Track 00827,1,167
828,103,Track 00828,2,354
829,103,Track 00829,3,347
830,103,Track 00830,4,258
831,103,Track 00831,5,284
832,103,Track 00832,6,135
833,103,Track 00833,7,254
834,103,Track 00834,8,128
835,104,Track 00835,1,329
836,104,Track 00836,2,291
837,104,Track 00837,3,132
838,104,Track 00838,4,315
839,104,Track 00839,5,121
840,104,Track 00840,6,225
841,104,Track 00841,7,155
842,104,Track 00842,8,335
843,104,Track 00843,9,281
844,105,Track 00844,1,137
845,105,Track 00845,2,301
846,105,Track 00846,3,158
847,105,Track 00847,4,122
848,105,Track 00848,5,175
849,105,Track 00849,6,249
850,105,Track 00850,7,236
851,105,Track 00851,8,215
852,105,Track 00852,9,135
853,105,Track 00853,10,278
854,105,Track 00854,11,283
855,106,Track 00855,1,359
856,106,Track 00856,2,277
857,106,Track 00857,3,353
858,106,Track 00858,4,243
859,106,Track 00859,5,288
860,106,Track 00860,6,244
861,106,Track 00861,7,124
862,106,Track 00862,8,121
863,106,Track 00863,9,256
864,106,Track 00864,10,261
865,106,Track 00865,11,225
866,107,Track 00866,1,124
867,108,Track 00867,1,304
868,108,Track 00868,2,190
869,108,Track 00869,3,257
870,108,Track 00870,4,193
871,108,Track 00871,5,124
872,108,Track 00872,6,248
873,108,Track 00873,7,328
874,108,Track 00874,8,298
875,108,Track 00875,9,292
876,109,Track 00876,1,326
877,109,Track 00877,2,360
878,109,Track 00878,3,352
879,109,Track 00879,4,165
880,109,Track 00880,5,147
881,109,Track 00881,6,355
882,109,Track 00882,7,144
883,110,Track 00883,1,181
884,110,Track 00884,2,169
885,110,Track 00885,3,278
886,110,Track 00886,4,254
887,110,Track 00887,5,184
888,110,Track 00888,6,328
889,110,Track 00889,7,210
890,110,Track 00890,8,188
891,110,Track 00891,9,323
892,110,Track 00892,10,221
893,111,Track 00893,1,215
894,111,Track 00894,2,223
895,112,Track 00895,1,264
896,112,Track 00896,2,182
897,112,Track 00897,3,298
898,112,Track 00898,4,177
899,112,Track 00899,5,196
900,112,Track 00900,6,295
901,112,Track 00901,7,331
902,112,Track 00902,8,337
903,113,Track 00903,1,287
904,113,Track 00904,2,339
905,114,Track 00905,1,314
906,114,Track 00906,2,128
907,114,Track 00907,3,143
908,114,Track 00908,4,223
909,114,Track 00909,5,217
910,114,Track 00910,6,216
911,114,Track 00911,7,261
912,114,Track 00912,8,241
913,114,Track 00913,9,134
914,114,Track 00914,10,283
915,114,Track 00915,11,122
916,115,Track 00916,1,141
917,115,Track 00917,2,247
918,115,Track 00918,3,336
919,115,Track 00919,4,231
920,115,Track 00920,5,285
921,115,Track 00921,6,320
922,115,Track 00922,7,204
923,115,Track 00923,8,264
924,115,Track 00924,9,339
925,115,Track 00925,10,144
926,116,Track 00926,1,178
927,116,Track 00927,2,174
928,116,Track 00928,3,350
929,116,Track 00929,4,342
930,116,Track 00930,5,297
931,116,Track 00931,6,347
932,116,Track 00932,7,265
933,116,Track 00933,8,241
934,117,Track 00934,1,131
935,117,Track 00935,2,356
936,117,Track 00936,3,139
937,117,Track 00937,4,295
938,117,Track 00938,5,356
939,118,Track 00939,1,350
940,118,Track 00940,2,259
941,118,Track 00941,3,264
942,118,Track 00942,4,288
943,118,Track 00943,5,128
944,119,Track 00944,1,357
945,119,Track 00945,2,337
946,119,Track 00946,3,200
947,119,Track 00947,4,124
948,119,Track 00948,5,173
949,119,Track 00949,6,270
950,119,Track 00950,7,156
951,119,Track 00951,8,312
952,119,Track 00952,9,330
953,119,Track 00953,10,302
954,120,Track 00954,1,357
955,120,Track 00955,2,139
956,120,Track 00956,3,196
957,120,Track 00957,4,161
958,120,Track 00958,5,264
959,120,Track 00959,6,181
960,120,Track 00960,7,265
961,121,Track 00961,1,293
962,121,Track 00962,2,349
963,121,Track 00963,3,258
964,121,Track 00964,4,204
965,121,Track 00965,5,218
966,121,Track 00966,6,313
967,121,Track 00967,7,309
968,122,Track 00968,1,322
969,122,Track 00969,2,296
970,122,Track 00970,3,305
971,123,Track 00971,1,248
972,123,Track 00972,2,310
973,123,Track 00973,3,208
974,123,Track 00974,4,133
975,123,Track 00975,5,145
976,123,Track 00976,6,231
977,123,Track 00977,7,179
978,123,Track 00978,8,334
979,123,Track 00979,9,139
980,124,Track 00980,1,274
981,124,Track 00981,2,316
982,124,Track 00982,3,277
983,124,Track 00983,4,272
984,124,Track 00984,5,221
985,124,Track 00985,6,318
986,125,Track 00986,1,127
987,125,Track 00987,2,282
988,125,Track 00988,3,189
989,125,Track 00989,4,320
990,125,Track 00990,5,235
991,125,Track 00991,6,245
992,126,Track 00992,1,211
993,126,Track 00993,2,261
994,126,Track 00994,3,360
995,126,Track 00995,4,216
996,127,Track 00996,1,167
997,127,Track 00997,2,294
998,127,Track 00998,3,269
999,127,Track 00999,4,289
1000,127,Track 01000,5,217
1001,127,Track 01001,6,141
1002,127,Track 01002,7,317
1003,128,Track 01003,1,195
1004,128,Track 01004,2,324
1005,128,Track 01005,3,183
1006,128,Track 01006,4,302
1007,128,Track 01007,5,138
1008,128,Track 01008,6,141
1009,128,Track 01009,7,188
1010,128,Track 01010,8,159
1011,128,Track 01011,9,217
1012,128,Track 01012,10,302
1013,129,Track 01013,1,159
1014,129,Track 01014,2,309
1015,129,Track 01015,3,219
1016,129,Track 01016,4,201
1017,129,Track 01017,5,212
1018,129,Track 01018,6,147
1019,129,Track 01019,7,143
1020,129,Track 01020,8,121
1021,129,Track 01021,9,198
1022,129,Track 01022,10,233
1023,129,Track 01023,11,212
1024,130,Track 01024,1,146
1025,130,Track 01025,2,153
1026,130,Track 01026,3,142
1027,130,Track 01027,4,167
1028,130,Track 01028,5,230
1029,131,Track 01029,1,262
1030,131,Track 01030,2,262
1031,131,Track 01031,3,251
1032,131,Track 01032,4,224
1033,131,Track 01033,5,146
1034,131,Track 01034,6,126
1035,131,Track 01035,7,142
1036,131,Track 01036,8,210
1037,132,Track 01037,1,143
1038,132,Track 01038,2,272
1039,132,Track 01039,3,273
1040,132,Track 01040,4,320
1041,132,Track 01041,5,203
1042,132,Track 01042,6,341
1043,132,Track 01043,7,218
1044,132,Track 01044,8,123
1045,132,Track 01045,9,194
1046,133,Track 01046,1,219
1047,133,Track 01047,2,319
1048,133,Track 01048,3,141
1049,133,Track 01049,4,305
1050,133,Track 01050,5,350
1051,133,Track 01051,6,263
1052,133,Track 01052,7,351
1053,133,Track 01053,8,182
1054,133,Track 01054,9,266
1055,133,Track 01055,10,253
1056,133,Track 01056,11,163
1057,133,Track 01057,12,295
1058,133,Track 01058,13,217
1059,133,Track 01059,14,163
1060,134,Track 01060,1,188
1061,134,Track 01061,2,197
1062,134,Track 01062,3,188
1063,135,Track 01063,1,157
1064,135,Track 01064,2,136
1065,135,Track 01065,3,162
1066,135,Track 01066,4,231
1067,135,Track 01067,5,190
1068,135,Track 01068,6,227
1069,135,Track 01069,7,196
1070,135,Track 01070,8,243
1071,136,Track 01071,1,212
1072,136,Track 01072,2,184
1073,137,Track 01073,1,304
1074,137,Track 01074,2,280
1075,137,Track 01075,3,246
1076,137,Track 01076,4,272
1077,138,Track 01077,1,237
1078,138,Track 01078,2,147
1079,138,Track 01079,3,154
1080,138,Track 01080,4,197
1081,138,Track 01081,5,121
1082,138,Track 01082,6,221
1083,138,Track 01083,7,205
1084,138,Track 01084,8,335
1085,138,Track 01085,9,278
1086,138,Track 01086,10,217
1087,138,Track 01087,11,325
1088,139,Track 01088,1,232
1089,139,Track 01089,2,205
1090,139,Track 01090,3,230
1091,139,Track 01091,4,328
1092,139,Track 01092,5,330
1093,139,Track 01093,6,340
1094,140,Track 01094,1,196
1095,140,Track 01095,2,202
1096,140,Track 01096,3,274
1097,140,Track 01097,4,297
1098,140,Track 01098,5,171
1099,140,Track 01099,6,242
1100,140,Track 01100,7,200
1101,140,Track 01101,8,165
1102,140,Track 01102,9,221
1103,140,Track 01103,10,201
1104,141,Track 01104,1,308
1105,141,Track 01105,2,297
1106,141,Track 01106,3,282
1107,141,Track 01107,4,245
1108,141,Track 01108,5,267
1109,141,Track 01109,6,320
1110,141,Track 01110,7,182
1111,141,Track 01111,8,203
1112,141,Track 01112,9,216
1113,141,Track 01113,10,191
1114,141,Track 01114,11,329
1115,141,Track 01115,12,321
1116,142,Track 01116,1,213
1117,142,Track 01117,2,149
1118,142,Track 01118,3,358
1119,142,Track 01119,4,264
1120,142,Track 01120,5,171
1121,142,Track 01121,6,271
1122,142,Track 01122,7,259
1123,143,Track 01123,1,294
1124,143,Track 01124,2,316
1125,143,Track 01125,3,260
1126,143,Track 01126,4,126
1127,143,Track 01127,5,306
1128,143,Track 01128,6,238
1129,143,Track 01129,7,301
1130,143,Track 01130,8,173
1131,143,Track 01131,9,232
1132,143,Track 01132,10,324
1133,144,Track 01133,1,332
1134,144,Track 01134,2,297
1135,144,Track 01135,3,137
1136,144,Track 01136,4,329
1137,144,Track 01137,5,337
1138,145,Track 01138,1,292
1139,145,Track 01139,2,247
1140,145,Track 01140,3,155
1141,145,Track 01141,4,282
1142,145,Track 01142,5,197
1143,145,Track 01143,6,181
1144,145,Track 01144,7,184
1145,146,Track 01145,1,159
1146,146,Track 01146,2,303
1147,146,Track 01147,3,228
1148,146,Track 01148,4,322
1149,146,Track 01149,5,216
1150,146,Track 01150,6,138
1151,146,Track 01151,7,234
1152,146,Track 01152,8,273
1153,146,Track 01153,9,242
1154,146,Track 01154,10,269
1155,146,Track 01155,11,222
1156,147,Track 01156,1,249
1157,147,Track 01157,2,356
1158,147,Track 01158,3,355
1159,147,Track 01159,4,342
1160,147,Track 01160,5,297
1161,147,Track 01161,6,227
1162,147,Track 01162,7,259
1163,147,Track 01163,8,129
1164,147,Track 01164,9,322
1165,148,Track 01165,1,299
1166,148,Track 01166,2,349
1167,148,Track 01167,3,327
1168,148,Track 01168,4,257
1169,148,Track 01169,5,272
1170,148,Track 01170,6,283
1171,148,Track 01171,7,354
1172,148,Track 01172,8,141
1173,148,Track 01173,9,147
1174,148,Track 01174,10,316
1175,148,Track 01175,11,183
1176,148,Track 01176,12,288
1177,148,Track 01177,13,290
1178,149,Track 01178,1,162
1179,149,Track 01179,2,285
1180,149,Track 01180,3,276
1181,149,Track 01181,4,131
1182,149,Track 01182,5,264
1183,149,Track 01183,6,285
1184,150,Track 01184,1,285
1185,150,Track 01185,2,222
1186,150,Track 01186,3,312
1187,150,Track 01187,4,204
1188,150,Track 01188,5,323
1189,150,Track 01189,6,230
1190,150,Track 01190,7,147
1191,150,Track 01191,8,122
1192,150,Track 01192,9,145
1193,150,Track 01193,10,186
1194,150,Track 01194,11,176
1195,151,Track 01195,1,311
1196,151,Track 01196,2,252
1197,151,Track 01197,3,262
1198,151,Track 01198,4,268
1199,151,Track 01199,5,296
1200,151,Track 01200,6,267
1201,151,Track 01201,7,176
1202,151,Track 01202,8,234
1203,151,Track 01203,9,215
1204,152,Track 01204,1,238
1205,152,Track 01205,2,317
1206,152,Track 01206,3,293
1207,152,Track 01207,4,270
1208,152,Track 01208,5,296
1209,152,Track 01209,6,248
1210,152,Track 01210,7,158
1211,152,Track 01211,8,208
1212,152,Track 01212,9,126
1213,152,Track 01213,10,243
1214,152,Track 01214,11,146
1215,152,Track 01215,12,195
1216,152,Track 01216,13,226
1217,152,Track 01217,14,355
1218,153,Track 01218,1,149
1219,153,Track 01219,2,332
1220,154,Track 01220,1,209
1221,154,Track 01221,2,199
1222,154,Track 01222,3,207
1223,154,Track 01223,4,236
1224,154,Track 01224,5,320
1225,154,Track 01225,6,172
1226,154,Track 01226,7,253
1227,154,Track 01227,8,243
1228,154,Track 01228,9,209
1229,154,Track 01229,10,241
1230,155,Track 01230,1,232
1231,155,Track 01231,2,304
1232,156,Track 01232,1,235
1233,156,Track 01233,2,201
1234,156,Track 01234,3,137
1235,156,Track 01235,4,196
1236,156,Track 01236,5,131
1237,156,Track 01237,6,327
1238,156,Track 01238,7,301
1239,156,Track 01239,8,149
1240,156,Track 01240,9,125
1241,156,Track 01241,10,337
1242,156,Track 01242,11,207
1243,156,Track 01243,12,285
1244,157,Track 01244,1,293
1245,157,Track 01245,2,324
1246,158,Track 01246,1,358
1247,158,Track 01247,2,309
1248,158,Track 01248,3,182
1249,158,Track 01249,4,252
1250,158,Track 01250,5,164
1251,158,Track 01251,6,261
1252,158,Track 01252,7,160
1253,158,Track 01253,8,204
1254,158,Track 01254,9,263
1255,158,Track 01255,10,229
1256,159,Track 01256,1,179
1257,159,Track 01257,2,324
1258,159,Track 01258,3,223
1259,159,Track 01259,4,281
1260,159,Track 01260,5,167
1261,159,Track 01261,6,167
1262,159,Track 01262,7,283
1263,159,Track 01263,8,288
1264,160,Track 01264,1,221
1265,160,Track 01265,2,127
1266,160,Track 01266,3,308
1267,160,Track 01267,4,277
1268,160,Track 01268,5,346
1269,160,Track 01269,6,170
1270,160,Track 01270,7,235
1271,161,Track 01271,1,219
1272,161,Track 01272,2,121
1273,161,Track 01273,3,300
1274,161,Track 01274,4,174
1275,161,Track 01275,5,172
1276,161,Track 01276,6,191
1277,161,Track 01277,7,312
1278,161,Track 01278,8,300
1279,161,Track 01279,9,327
1280,161,Track 01280,10,323
1281,161,Track 01281,11,136
1282,161,Track 01282,12,267
1283,161,Track 01283,13,146
1284,161,Track 01284,14,324
1285,162,Track 01285,1,167
1286,162,Track 01286,2,213
1287,162,Track 01287,3,203
1288,162,Track 01288,4,170
1289,162,Track 01289,5,237
1290,162,Track 01290,6,149
1291,162,Track 01291,7,187
1292,162,Track 01292,8,291
1293,162,Track 01293,9,340
1294,163,Track 01294,1,255
1295,163,Track 01295,2,283
1296,163,Track 01296,3,200
1297,163,Track 01297,4,272
1298,163,Track 01298,5,219
1299,163,Track 01299,6,276
1300,163,Track 01300,7,220
1301,163,Track 01301,8,270
1302,164,Track 01302,1,209
1303,164,Track 01303,2,210
1304,164,Track 01304,3,336
1305,164,Track 01305,4,237
1306,164,Track 01306,5,278
1307,164,Track 01307,6,164
1308,164,Track 01308,7,328
1309,164,Track 01309,8,292
1310,164,Track 01310,9,300
1311,165,Track 01311,1,355
1312,165,Track 01312,2,277
1313,165,Track 01313,3,271
1314,165,Track 01314,4,141
1315,165,Track 01315,5,292
1316,166,Track 01316,1,200
1317,166,Track 01317,2,150
1318,166,Track 01318,3,181
1319,166,Track 01319,4,198
1320,166,Track 01320,5,149
1321,166,Track 01321,6,166
1322,166,Track 01322,7,215
1323,166,Track 01323,8,297
1324,166,Track 01324,9,156
1325,166,Track 01325,10,250
1326,167,Track 01326,1,227
1327,167,Track 01327,2,272
1328,167,Track 01328,3,155
1329,167,Track 01329,4,267
1330,167,Track 01330,5,218
1331,167,Track 01331,6,228
1332,167,Track 01332,7,167
1333,167,Track 01333,8,244
1334,167,Track 01334,9,282
1335,167,Track 01335,10,257
1336,167,Track 01336,11,297
1337,167,Track 01337,12,355
1338,167,Track 01338,13,285
1339,167,Track 01339,14,358
1340,168,Track 01340,1,262
1341,168,Track 01341,2,162
1342,168,Track 01342,3,245
1343,169,Track 01343,1,155
1344,169,Track 01344,2,167
1345,169,Track 01345,3,200
1346,169,Track 01346,4,335
1347,169,Track 01347,5,235
1348,169,Track 01348,6,278
1349,169,Track 01349,7,133
1350,169,Track 01350,8,341
1351,169,Track 01351,9,211
1352,169,Track 01352,10,122
1353,169,Track 01353,11,244
1354,169,Track 01354,12,154
1355,170,Track 01355,1,328
1356,170,Track 01356,2,218
1357,170,Track 01357,3,263
1358,170,Track 01358,4,249
1359,171,Track 01359,1,224
1360,171,Track 01360,2,295
1361,171,Track 01361,3,245
1362,171,Track 01362,4,226
1363,171,Track 01363,5,301
1364,171,Track 01364,6,335
1365,171,Track 01365,7,233
1366,171,Track 01366,8,245
1367,171,Track 01367,9,162
1368,171,Track 01368,10,141
1369,171,Track 01369,11,264
1370,171,Track 01370,12,127
1371,171,Track 01371,13,323
1372,171,Track 01372,14,314
1373,171,Track 01373,15,176
1374,172,Track 01374,1,128
1375,172,Track 01375,2,190
1376,172,Track 01376,3,177
1377,172,Track 01377,4,257
1378,172,Track 01378,5,193
1379,173,Track 01379,1,319
1380,173,Track 01380,2,237
1381,173,Track 01381,3,264
1382,174,Track 01382,1,317
1383,174,Track 01383,2,316
1384,174,Track 01384,3,246
1385,174,Track 01385,4,260
1386,174,Track 01386,5,250
1387,174,Track 01387,6,148
1388,174,Track 01388,7,266
1389,174,Track 01389,8,149
1390,174,Track 01390,9,188
1391,174,Track 01391,10,318
1392,174,Track 01392,11,259
1393,174,Track 01393,12,330
1394,175,Track 01394,1,258
1395,175,Track 01395,2,330
1396,175,Track 01396,3,313
1397,175,Track 01397,4,130
1398,175,Track 01398,5,314
1399,175,Track 01399,6,304
1400,175,Track 01400,7,232
1401,175,Track 01401,8,259
1402,175,Track 01402,9,175
1403,175,Track 01403,10,228
1404,175,Track 01404,11,146
1405,175,Track 01405,12,308
1406,175,Track 01406,13,332
1407,176,Track 01407,1,196
1408,176,Track 01408,2,343
1409,176,Track 01409,3,128
1410,176,Track 01410,4,235
1411,176,Track 01411,5,187
1412,176,Track 01412,6,209
1413,176,Track 01413,7,340
1414,176,Track 01414,8,329
1415,176,Track 01415,9,142
1416,176,Track 01416,10,232
1417,176,Track 01417,11,341
1418,177,Track 01418,1,318
1419,177,Track 01419,2,327
1420,178,Track 01420,1,173
1421,178,Track 01421,2,327
1422,178,Track 01422,3,308
1423,178,Track 01423,4,270
1424,178,Track 01424,5,296
1425,178,Track 01425,6,209
1426,178,Track 01426,7,340
1427,178,Track 01427,8,301
1428,178,Track 01428,9,276
1429,178,Track 01429,10,281
1430,178,Track 01430,11,229
1431,179,Track 01431,1,277
1432,179,Track 01432,2,155
1433,179,Track 01433,3,320
1434,179,Track 01434,4,172
1435,179,Track 01435,5,328
1436,179,Track 01436,6,172
1437,179,Track 01437,7,326
1438,179,Track 01438,8,135
1439,179,Track 01439,9,265
1440,179,Track 01440,10,209
1441,180,Track 01441,1,272
1442,180,Track 01442,2,257
1443,180,Track 01443,3,163
1444,180,Track 01444,4,202
1445,180,Track 01445,5,300
1446,180,Track 01446,6,194
1447,180,Track 01447,7,194
1448,180,Track 01448,8,266
1449,180,Track 01449,9,188
1450,180,Track 01450,10,339
1451,180,Track 01451,11,251
1452,180,Track 01452,12,350
1453,181,Track 01453,1,328
1454,181,Track 01454,2,144
1455,181,Track 01455,3,154
1456,181,Track 01456,4,312
1457,181,Track 01457,5,321
1458,181,Track 01458,6,225
1459,181,Track 01459,7,355
1460,181,Track 01460,8,135
1461,181,Track 01461,9,190
1462,181,Track 01462,10,341
1463,181,Track 01463,11,287
1464,182,Track 01464,1,299
1465,182,Track 01465,2,341
1466,182,Track 01466,3,153
1467,183,Track 01467,1,157
1468,183,Track 01468,2,302
1469,183,Track 01469,3,202
1470,183,Track 01470,4,332
1471,184,Track 01471,1,314
1472,184,Track 01472,2,335
1473,184,Track 01473,3,293
1474,184,Track 01474,4,220
1475,185,Track 01475,1,156
1476,185,Track 01476,2,267
1477,185,Track 01477,3,281
1478,185,Track 01478,4,188
1479,185,Track 01479,5,280
1480,185,Track 01480,6,226
1481,185,Track 01481,7,216
1482,185,Track 01482,8,235
1483,185,Track 01483,9,139
1484,185,Track 01484,10,282
1485,185,Track 01485,11,323
1486,185,Track 01486,12,345
1487,185,Track 01487,13,316
1488,185,Track 01488,14,143
1489,185,Track 01489,15,223
1490,186,Track 01490,1,311
1491,186,Track 01491,2,191
1492,186,Track 01492,3,297
1493,186,Track 01493,4,359
1494,186,Track 01494,5,344
1495,186,Track 01495,6,214
1496,186,Track 01496,7,236
1497,186,Track 01497,8,244
1498,186,Track 01498,9,203
1499,187,Track 01499,1,120
1500,187,Track 01500,2,342
1501,187,Track 01501,3,318
1502,187,Track 01502,4,336
1503,187,Track 01503,5,307
1504,187,Track 01504,6,143
1505,187,Track 01505,7,307
1506,187,Track 01506,8,237
1507,187,Track 01507,9,282
1508,187,Track 01508,10,290
1509,188,Track 01509,1,337
1510,188,Track 01510,2,136
1511,188,Track 01511,3,323
1512,188,Track 01512,4,256
1513,188,Track 01513,5,221
1514,188,Track 01514,6,175
1515,188,Track 01515,7,229
1516,188,Track 01516,8,331
1517,188,Track 01517,9,174
1518,188,Track 01518,10,246
1519,188,Track 01519,11,188
1520,188,Track 01520,12,202
1521,188,Track 01521,13,332
1522,189,Track 01522,1,206
1523,189,Track 01523,2,260
1524,189,Track 01524,3,267
1525,189,Track 01525,4,153
1526,189,Track 01526,5,264
1527,190,Track 01527,1,321
1528,190,Track 01528,2,207
1529,190,Track 01529,3,348
1530,190,Track 01530,4,294
1531,190,Track 01531,5,315
1532,190,Track 01532,6,132
1533,190,Track 01533,7,131
1534,190,Track 01534,8,145
1535,191,Track 01535,1,320
1536,191,Track 01536,2,334
1537,191,Track 01537,3,237
1538,191,Track 01538,4,124
1539,191,Track 01539,5,151
1540,191,Track 01540,6,357
1541,191,Track 01541,7,339
1542,191,Track 01542,8,160
1543,191,Track 01543,9,232
1544,191,Track 01544,10,236
1545,191,Track 01545,11,120
1546,192,Track 01546,1,171
1547,192,Track 01547,2,296
1548,192,Track 01548,3,352
1549,192,Track 01549,4,153
1550,192,Track 01550,5,345
1551,192,Track 01551,6,286
1552,192,Track 01552,7,197
1553,193,Track 01553,1,343
1554,193,Track 01554,2,358
1555,193,Track 01555,3,344
1556,194,Track 01556,1,143
1557,194,Track 01557,2,287
1558,194,Track 01558,3,212
1559,194,Track 01559,4,184
1560,194,Track 01560,5,141
1561,195,Track 01561,1,290
1562,195,Track 01562,2,351
1563,195,Track 01563,3,286
1564,195,Track 01564,4,162
1565,195,Track 01565,5,133
1566,195,Track 01566,6,221
1567,195,Track 01567,7,280
1568,195,Track 01568,8,198
1569,195,Track 01569,9,305
1570,195,Track 01570,10,299
1571,195,Track 01571,11,313
1572,195,Track 01572,12,179
1573,195,Track 01573,13,229
1574,196,Track 01574,1,143
1575,196,Track 01575,2,300
1576,196,Track 01576,3,144
1577,196,Track 01577,4,120
1578,196,Track 01578,5,174
1579,196,Track 01579,6,242
1580,196,Track 01580,7,139
1581,196,Track 01581,8,153
1582,196,Track 01582,9,271
1583,196,Track 01583,10,177
1584,196,Track 01584,11,252
1585,197,Track 01585,1,122
1586,197,Track 01586,2,122
1587,197,Track 01587,3,298
1588,197,Track 01588,4,207
1589,197,Track 01589,5,329
1590,197,Track 01590,6,150
1591,197,Track 01591,7,340
1592,197,Track 01592,8,228
1593,197,Track 01593,9,297
1594,197,Track 01594,10,153
1595,197,Track 01595,11,242
1596,197,Track 01596,12,138
1597,197,Track 01597,13,178
1598,197,Track 01598,14,218
1599,197,Track 01599,15,142
1600,198,Track 01600,1,326
1601,198,Track 01601,2,146
1602,198,Track 01602,3,146
1603,198,Track 01603,4,200
1604,198,Track 01604,5,214
1605,198,Track 01605,6,345
1606,198,Track 01606,7,196
1607,198,Track 01607,8,155
1608,198,Track 01608,9,217
1609,198,Track 01609,10,318
1610,198,Track 01610,11,328
1611,198,Track 01611,12,312
1612,199,Track 01612,1,284
1613,199,Track 01613,2,293
1614,199,Track 01614,3,156
1615,200,Track 01615,1,255
1616,200,Track 01616,2,264
1617,201,Track 01617,1,276
1618,202,Track 01618,1,162
1619,202,Track 01619,2,232
1620,202,Track 01620,3,209
1621,202,Track 01621,4,304
1622,202,Track 01622,5,174
1623,202,Track 01623,6,280
1624,202,Track 01624,7,311
1625,202,Track 01625,8,158
1626,202,Track 01626,9,355
1627,202,Track 01627,10,225
1628,202,Track 01628,11,277
1629,203,Track 01629,1,233
1630,203,Track 01630,2,340
1631,203,Track 01631,3,175
1632,203,Track 01632,4,142
1633,203,Track 01633,5,349
1634,203,Track 01634,6,145
1635,203,Track 01635,7,155
1636,203,Track 01636,8,312
1637,203,Track 01637,9,151
1638,203,Track 01638,10,270
1639,203,Track 01639,11,306
1640,204,Track 01640,1,209
1641,204,Track 01641,2,229
1642,204,Track 01642,3,200
1643,204,Track 01643,4,322
1644,204,Track 01644,5,155
1645,204,Track 01645,6,183
1646,204,Track 01646,7,190
1647,205,Track 01647,1,183
1648,205,Track 01648,2,261
1649,205,Track 01649,3,273
1650,205,Track 01650,4,273
1651,205,Track 01651,5,304
1652,205,Track 01652,6,275
1653,205,Track 01653,7,192
1654,205,Track 01654,8,319
1655,205,Track 01655,9,360
1656,206,Track 01656,1,126
1657,206,Track 01657,2,337
1658,206,Track 01658,3,336
1659,206,Track 01659,4,288
1660,206,Track 01660,5,344
1661,206,Track 01661,6,197
1662,206,Track 01662,7,172
1663,206,Track 01663,8,252
1664,206,Track 01664,9,275
1665,206,Track 01665,10,250
1666,206,Track 01666,11,168
1667,206,Track 01667,12,311
1668,207,Track 01668,1,195
1669,207,Track 01669,2,285
1670,207,Track 01670,3,133
1671,207,Track 01671,4,320
1672,207,Track 01672,5,349
1673,207,Track 01673,6,323
1674,207,Track 01674,7,181
1675,208,Track 01675,1,218
1676,208,Track 01676,2,148
1677,208,Track 01677,3,181
1678,208,Track 01678,4,247
1679,208,Track 01679,5,283
1680,208,Track 01680,6,272
1681,208,Track 01681,7,138
1682,208,Track 01682,8,255
1683,209,Track 01683,1,212
1684,210,Track 01684,1,153
1685,210,Track 01685,2,219
1686,210,Track 01686,3,340
1687,210,Track 01687,4,334
1688,210,Track 01688,5,265
1689,210,Track 01689,6,227
1690,211,Track 01690,1,259
1691,211,Track 01691,2,294
1692,211,Track 01692,3,164
1693,211,Track 01693,4,315
1694,211,Track 01694,5,240
1695,211,Track 01695,6,317
1696,211,Track 01696,7,138
1697,211,Track 01697,8,124
1698,211,Track 01698,9,270
1699,211,Track 01699,10,137
1700,211,Track 01700,11,123
1701,211,Track 01701,12,187
1702,211,Track 01702,13,175
1703,212,Track 01703,1,356
1704,213,Track 01704,1,322
1705,214,Track 01705,1,249
1706,214,Track 01706,2,193
1707,214,Track 01707,3,280
1708,214,Track 01708,4,302
1709,214,Track 01709,5,248
1710,214,Track 01710,6,316
1711,214,Track 01711,7,226
1712,215,Track 01712,1,299
1713,215,Track 01713,2,222
1714,215,Track 01714,3,141
1715,215,Track 01715,4,283
1716,215,Track 01716,5,257
1717,215,Track 01717,6,257
1718,215,Track 01718,7,277
1719,216,Track 01719,1,191
1720,216,Track 01720,2,141
1721,216,Track 01721,3,199
1722,216,Track 01722,4,140
1723,216,Track 01723,5,250
1724,216,Track 01724,6,355
1725,216,Track 01725,7,172
1726,216,Track 01726,8,326
1727,216,Track 01727,9,159
1728,216,Track 01728,10,257
1729,217,Track 01729,1,220
1730,217,Track 01730,2,270
1731,217,Track 01731,3,282
1732,217,Track 01732,4,315
1733,217,Track 01733,5,333
1734,217,Track 01734,6,286
1735,218,Track 01735,1,284
1736,218,Track 01736,2,136
1737,218,Track 01737,3,199
1738,218,Track 01738,4,298
1739,218,Track 01739,5,231
1740,218,Track 01740,6,306
1741,218,Track 01741,7,336
1742,218,Track 01742,8,181
1743,218,Track 01743,9,134
1744,218,Track 01744,10,182
1745,218,Track 01745,11,142
1746,219,Track 01746,1,149
1747,219,Track 01747,2,236
1748,219,Track 01748,3,276
1749,219,Track 01749,4,275
1750,219,Track 01750,5,134
1751,219,Track 01751,6,199
1752,219,Track 01752,7,290
1753,220,Track 01753,1,288
1754,220,Track 01754,2,309
1755,220,Track 01755,3,164
1756,220,Track 01756,4,150
1757,220,Track 01757,5,123
1758,220,Track 01758,6,301
1759,220,Track 01759,7,155
1760,220,Track 01760,8,299
1761,220,Track 01761,9,122
1762,220,Track 01762,10,161
1763,220,Track 01763,11,247
1764,220,Track 01764,12,208
1765,221,Track 01765,1,252
1766,221,Track 01766,2,320
1767,221,Track 01767,3,330
1768,221,Track 01768,4,304
1769,221,Track 01769,5,186
1770,221,Track 01770,6,162
1771,221,Track 01771,7,215
1772,221,Track 01772,8,152
1773,221,Track 01773,9,311
1774,222,Track 01774,1,307
1775,222,Track 01775,2,346
1776,222,Track 01776,3,150
1777,222,Track 01777,4,317
1778,222,Track 01778,5,350
1779,222,Track 01779,6,127
1780,222,Track 01780,7,205
1781,222,Track 01781,8,326
1782,222,Track 01782,9,229
1783,222,Track 01783,10,189
1784,222,Track 01784,11,254
1785,222,Track 01785,12,136
1786,223,Track 01786,1,302
1787,223,Track 01787,2,267
1788,223,Track 01788,3,280
1789,223,Track 01789,4,139
1790,223,Track 01790,5,247
1791,224,Track 01791,1,250
1792,224,Track 01792,2,212
1793,224,Track 01793,3,134
1794,224,Track 01794,4,247
1795,224,Track 01795,5,339
1796,224,Track 01796,6,265
1797,224,Track 01797,7,162
1798,224,Track 01798,8,214
1799,225,Track 01799,1,185
1800,225,Track 01800,2,317
1801,225,Track 01801,3,146
1802,225,Track 01802,4,348
1803,225,Track 01803,5,266
1804,225,Track 01804,6,292
1805,225,Track 01805,7,305
1806,225,Track 01806,8,149
1807,225,Track 01807,9,178
1808,225,Track 01808,10,309
1809,226,Track 01809,1,120
1810,226,Track 01810,2,131
1811,226,Track 01811,3,339
1812,226,Track 01812,4,340
1813,226,Track 01813,5,123
1814,226,Track 01814,6,182
1815,226,Track 01815,7,131
1816,226,Track 01816,8,240
1817,226,Track 01817,9,213
1818,227,Track 01818,1,355
1819,227,Track 01819,2,158
1820,227,Track 01820,3,165
1821,227,Track 01821,4,358
1822,227,Track 01822,5,339
1823,227,Track 01823,6,129
1824,227,Track 01824,7,261
1825,228,Track 01825,1,309
1826,228,Track 01826,2,287
1827,228,Track 01827,3,227
1828,228,Track 01828,4,177
1829,228,Track 01829,5,202
1830,228,Track 01830,6,183
1831,228,Track 01831,7,226
1832,228,Track 01832,8,354
1833,228,Track 01833,9,304
1834,228,Track 01834,10,201
1835,228,Track 01835,11,189
1836,228,Track 01836,12,331
1837,229,Track 01837,1,266
1838,229,Track 01838,2,215
1839,230,Track 01839,1,248
1840,230,Track 01840,2,292
1841,231,Track 01841,1,165
1842,232,Track 01842,1,325
1843,232,Track 01843,2,252
1844,232,Track 01844,3,131
1845,232,Track 01845,4,222
1846,232,Track 01846,5,137
1847,232,Track 01847,6,344
1848,232,Track 01848,7,239
1849,232,Track 01849,8,341
1850,232,Track 01850,9,192
1851,232,Track 01851,10,318
1852,232,Track 01852,11,336
1853,233,Track 01853,1,203
1854,233,Track 01854,2,142
1855,233,Track 01855,3,261
1856,233,Track 01856,4,236
1857,233,Track 01857,5,122
1858,234,Track 01858,1,171
1859,234,Track 01859,2,194
1860,234,Track 01860,3,264
1861,234,Track 01861,4,320
1862,234,Track 01862,5,197
1863,234,Track 01863,6,309
1864,235,Track 01864,1,182
1865,235,Track 01865,2,238
1866,235,Track 01866,3,214
1867,235,Track 01867,4,271
1868,235,Track 01868,5,246
1869,235,Track 01869,6,317
1870,235,Track 01870,7,318
1871,235,Track 01871,8,170
1872,235,Track 01872,9,307
1873,235,Track 01873,10,350
1874,236,Track 01874,1,314
1875,236,Track 01875,2,323
1876,236,Track 01876,3,182
1877,236,Track 01877,4,158
1878,236,Track 01878,5,121
1879,236,Track 01879,6,358
1880,236,Track 01880,7,224
1881,236,Track 01881,8,126
1882,236,Track 01882,9,179
1883,237,Track 01883,1,208
1884,237,Track 01884,2,282
1885,237,Track 01885,3,334
1886,237,Track 01886,4,297
1887,237,Track 01887,5,344
1888,237,Track 01888,6,122
1889,237,Track 01889,7,205
1890,237,Track 01890,8,120
1891,237,Track 01891,9,314
1892,238,Track 01892,1,216
1893,238,Track 01893,2,337
1894,238,Track 01894,3,308
1895,238,Track 01895,4,306
1896,238,Track 01896,5,198
1897,238,Track 01897,6,146
1898,238,Track 01898,7,172
1899,238,Track 01899,8,255
1900,238,Track 01900,9,180
1901,238,Track 01901,10,227
1902,238,Track 01902,11,245
1903,239,Track 01903,1,156
1904,240,Track 01904,1,191
1905,240,Track 01905,2,143
1906,240,Track 01906,3,131
1907,240,Track 01907,4,355
1908,240,Track 01908,5,179
1909,240,Track 01909,6,349
1910,240,Track 01910,7,336
1911,240,Track 01911,8,253
1912,240,Track 01912,9,225
1913,240,Track 01913,10,299
1914,240,Track 01914,11,349
1915,240,Track 01915,12,215
1916,241,Track 01916,1,311
1917,241,Track 01917,2,141
1918,241,Track 01918,3,268
1919,241,Track 01919,4,144
1920,241,Track 01920,5,249
1921,241,Track 01921,6,154
1922,241,Track 01922,7,283
1923,241,Track 01923,8,329
1924,242,Track 01924,1,139
1925,242,Track 01925,2,271
1926,242,Track 01926,3,265
1927,242,Track 01927,4,135
1928,242,Track 01928,5,231
1929,242,Track 01929,6,289
1930,242,Track 01930,7,153
1931,242,Track 01931,8,180
1932,242,Track 01932,9,194
1933,242,Track 01933,10,186
1934,242,Track 01934,11,337
1935,242,Track 01935,12,200
1936,242,Track 01936,13,357
1937,242,Track 01937,14,325
1938,243,Track 01938,1,299
1939,243,Track 01939,2,332
1940,243,Track 01940,3,308
1941,243,Track 01941,4,203
1942,243,Track 01942,5,201
1943,243,Track 01943,6,235
1944,243,Track 01944,7,189
1945,244,Track 01945,1,139
1946,244,Track 01946,2,171
1947,244,Track 01947,3,154
1948,244,Track 01948,4,319
1949,245,Track 01949,1,147
1950,245,Track 01950,2,159
1951,245,Track 01951,3,147
1952,245,Track 01952,4,162
1953,245,Track 01953,5,235
1954,245,Track 01954,6,239
1955,245,Track 01955,7,200
1956,245,Track 01956,8,224
1957,245,Track 01957,9,150
1958,245,Track 01958,10,257
1959,246,Track 01959,1,317
1960,246,Track 01960,2,173
1961,246,Track 01961,3,235
1962,246,Track 01962,4,198
1963,246,Track 01963,5,238
1964,246,Track 01964,6,187
1965,247,Track 01965,1,143
1966,247,Track 01966,2,160
1967,248,Track 01967,1,331
1968,248,Track 01968,2,300
1969,248,Track 01969,3,298
1970,248,Track 01970,4,274
1971,248,Track 01971,5,130
1972,248,Track 01972,6,175
1973,248,Track 01973,7,333
1974,248,Track 01974,8,339
1975,248,Track 01975,9,203
1976,248,Track 01976,10,157
1977,248,Track 01977,11,143
1978,248,Track 01978,12,302
1979,249,Track 01979,1,211
1980,249,Track 01980,2,221
1981,249,Track 01981,3,251
1982,249,Track 01982,4,132
1983,250,Track 01983,1,196
1984,250,Track 01984,2,186
1985,250,Track 01985,3,329
1986,250,Track 01986,4,164
1987,250,Track 01987,5,127
1988,250,Track 01988,6,223
1989,250,Track 01989,7,338
1990,250,Track 01990,8,235
1991,250,Track 01991,9,262
1992,250,Track 01992,10,311
1993,250,Track 01993,11,260
1994,251,Track 01994,1,144
1995,251,Track 01995,2,238
1996,251,Track 01996,3,146
1997,251,Track 01997,4,325
1998,252,Track 01998,1,151
1999,252,Track 01999,2,123
2000,252,Track 02000,3,135
2001,252,Track 02001,4,332
2002,252,Track 02002,5,319
2003,252,Track 02003,6,176
2004,252,Track 02004,7,153
2005,252,Track 02005,8,170
2006,252,Track 02006,9,330
2007,252,Track 02007,10,222
2008,253,Track 02008,1,295
2009,253,Track 02009,2,281
2010,253,Track 02010,3,360
2011,253,Track 02011,4,285
2012,253,Track 02012,5,141
2013,253,Track 02013,6,269
2014,253,Track 02014,7,270
2015,253,Track 02015,8,186
2016,253,Track 02016,9,354
2017,253,Track 02017,10,328
2018,253,Track 02018,11,139
2019,253,Track 02019,12,125
2020,253,Track 02020,13,136
2021,254,Track 02021,1,351
2022,254,Track 02022,2,285
2023,254,Track 02023,3,233
2024,254,Track 02024,4,327
2025,254,Track 02025,5,152
2026,254,Track 02026,6,143
2027,254,Track 02027,7,351
2028,254,Track 02028,8,336
2029,254,Track 02029,9,332
2030,254,Track 02030,10,327
2031,254,Track 02031,11,204
2032,255,Track 02032,1,130
2033,255,Track 02033,2,238
2034,256,Track 02034,1,163
2035,256,Track 02035,2,356
2036,256,Track 02036,3,266
2037,256,Track 02037,4,230
2038,256,Track 02038,5,330
2039,256,Track 02039,6,305
2040,256,Track 02040,7,221
2041,256,Track 02041,8,247
2042,257,Track 02042,1,217
2043,257,Track 02043,2,294
2044,257,Track 02044,3,229
2045,257,Track 02045,4,164
2046,257,Track 02046,5,210
2047,257,Track 02047,6,174
2048,257,Track 02048,7,352
2049,257,Track 02049,8,167
2050,258,Track 02050,1,191
2051,258,Track 02051,2,234
2052,258,Track 02052,3,346
2053,258,Track 02053,4,158
2054,258,Track 02054,5,128
2055,258,Track 02055,6,277
2056,258,Track 02056,7,278
2057,258,Track 02057,8,277
2058,258,Track 02058,9,182
2059,258,Track 02059,10,285
2060,258,Track 02060,11,195
2061,258,Track 02061,12,247
2062,259,Track 02062,1,345
2063,259,Track 02063,2,260
2064,259,Track 02064,3,242
2065,259,Track 02065,4,135
2066,259,Track 02066,5,142
2067,259,Track 02067,6,191
2068,259,Track 02068,7,218
2069,260,Track 02069,1,227
2070,260,Track 02070,2,171
2071,260,Track 02071,3,284
2072,261,Track 02072,1,281
2073,261,Track 02073,2,325
2074,261,Track 02074,3,259
2075,261,Track 02075,4,323
2076,261,Track 02076,5,124
2077,261,Track 02077,6,217
2078,261,Track 02078,7,320
2079,261,Track 02079,8,302
2080,261,Track 02080,9,211
2081,261,Track 02081,10,242
2082,261,Track 02082,11,259
2083,262,Track 02083,1,208
2084,262,Track 02084,2,353
2085,262,Track 02085,3,264
2086,262,Track 02086,4,248
2087,262,Track 02087,5,202
2088,262,Track 02088,6,219
2089,262,Track 02089,7,189
2090,262,Track 02090,8,166
2091,262,Track 02091,9,126
2092,262,Track 02092,10,201
2093,262,Track 02093,11,272
2094,262,Track 02094,12,176
2095,262,Track 02095,13,127
2096,262,Track 02096,14,349
2097,262,Track 02097,15,327
2098,263,Track 02098,1,134
2099,263,Track 02099,2,327
2100,263,Track 02100,3,240
2101,263,Track 02101,4,255
2102,263,Track 02102,5,211
2103,264,Track 02103,1,179
2104,264,Track 02104,2,160
2105,264,Track 02105,3,145
2106,264,Track 02106,4,183
2107,264,Track 02107,5,288
2108,264,Track 02108,6,181
2109,264,Track 02109,7,188
2110,264,Track 02110,8,256
2111,264,Track 02111,9,328
2112,264,Track 02112,10,322
2113,265,Track 02113,1,134
2114,265,Track 02114,2,315
2115,265,Track 02115,3,176
2116,265,Track 02116,4,267
2117,265,Track 02117,5,336
2118,265,Track 02118,6,324
2119,265,Track 02119,7,219
2120,265,Track 02120,8,210
2121,265,Track 02121,9,359
2122,265,Track 02122,10,334
2123,265,Track 02123,11,336
2124,265,Track 02124,12,164
2125,266,Track 02125,1,180
2126,266,Track 02126,2,271
2127,266,Track 02127,3,201
2128,267,Track 02128,1,298
2129,267,Track 02129,2,211
2130,267,Track 02130,3,353
2131,267,Track 02131,4,271
2132,267,Track 02132,5,127
2133,267,Track 02133,6,300
2134,267,Track 02134,7,299
2135,267,Track 02135,8,210
2136,267,Track 02136,9,265
2137,267,Track 02137,10,264
2138,267,Track 02138,11,156
2139,267,Track 02139,12,264
2140,268,Track 02140,1,334
2141,268,Track 02141,2,327
2142,268,Track 02142,3,345
2143,268,Track 02143,4,246
2144,269,Track 02144,1,164
2145,269,Track 02145,2,245
2146,269,Track 02146,3,129
2147,269,Track 02147,4,143
2148,269,Track 02148,5,134
2149,269,Track 02149,6,179
2150,269,Track 02150,7,274
2151,269,Track 02151,8,176
2152,269,Track 02152,9,125
2153,269,Track 02153,10,254
2154,269,Track 02154,11,242
2155,269,Track 02155,12,120
2156,270,Track 02156,1,354
2157,270,Track 02157,2,277
2158,270,Track 02158,3,171
2159,270,Track 02159,4,326
2160,270,Track 02160,5,153
2161,270,Track 02161,6,207
2162,271,Track 02162,1,355
2163,271,Track 02163,2,325
2164,271,Track 02164,3,336
2165,271,Track 02165,4,342
2166,271,Track 02166,5,202
2167,271,Track 02167,6,135
2168,271,Track 02168,7,125
2169,271,Track 02169,8,157
2170,271,Track 02170,9,270
2171,271,Track 02171,10,300
2172,272,Track 02172,1,318
2173,272,Track 02173,2,148
2174,272,Track 02174,3,336
2175,272,Track 02175,4,254
2176,272,Track 02176,5,340
2177,272,Track 02177,6,213
2178,272,Track 02178,7,138
2179,272,Track 02179,8,215
2180,272,Track 02180,9,300
2181,272,Track 02181,10,289
2182,273,Track 02182,1,270
2183,273,Track 02183,2,145
2184,273,Track 02184,3,206
2185,273,Track 02185,4,197
2186,273,Track 02186,5,202
2187,273,Track 02187,6,154
2188,273,Track 02188,7,160
2189,274,Track 02189,1,231
2190,274,Track 02190,2,322
2191,274,Track 02191,3,283
2192,274,Track 02192,4,244
2193,274,Track 02193,5,286
2194,274,Track 02194,6,201
2195,274,Track 02195,7,164
2196,274,Track 02196,8,301
2197,274,Track 02197,9,263
2198,274,Track 02198,10,297
2199,274,Track 02199,11,347
2200,274,Track 02200,12,357
2201,275,Track 02201,1,321
2202,275,Track 02202,2,211
2203,275,Track 02203,3,177
2204,275,Track 02204,4,290
2205,275,Track 02205,5,270
2206,275,Track 02206,6,328
2207,275,Track 02207,7,164
2208,275,Track 02208,8,216
2209,275,Track 02209,9,198
2210,275,Track 02210,10,307
2211,276,Track 02211,1,195
2212,276,Track 02212,2,152
2213,276,Track 02213,3,165
2214,276,Track 02214,4,306
2215,276,Track 02215,5,120
2216,276,Track 02216,6,299
2217,276,Track 02217,7,266
2218,276,Track 02218,8,220
2219,276,Track 02219,9,337
2220,276,Track 02220,10,317
2221,276,Track 02221,11,265
2222,276,Track 02222,12,128
2223,277,Track 02223,1,274
2224,277,Track 02224,2,201
2225,277,Track 02225,3,355
2226,277,Track 02226,4,327
2227,277,Track 02227,5,276
2228,277,Track 02228,6,176
2229,277,Track 02229,7,283
2230,277,Track 02230,8,264
2231,277,Track 02231,9,146
2232,277,Track 02232,10,359
2233,278,Track 02233,1,156
2234,278,Track 02234,2,204
2235,278,Track 02235,3,310
2236,278,Track 02236,4,139
2237,278,Track 02237,5,180
2238,278,Track 02238,6,208
2239,278,Track 02239,7,201
2240,278,Track 02240,8,162
2241,278,Track 02241,9,282
2242,278,Track 02242,10,346
2243,278,Track 02243,11,142
2244,278,Track 02244,12,330
2245,278,Track 02245,13,301
2246,278,Track 02246,14,291
2247,278,Track 02247,15,283
2248,279,Track 02248,1,346
2249,279,Track 02249,2,205
2250,279,Track 02250,3,234
2251,279,Track 02251,4,122
2252,279,Track 02252,5,187
2253,279,Track 02253,6,173
2254,279,Track 02254,7,183
2255,279,Track 02255,8,297
2256,279,Track 02256,9,137
2257,279,Track 02257,10,209
2258,279,Track 02258,11,185
2259,279,Track 02259,12,321
2260,280,Track 02260,1,304
2261,280,Track 02261,2,120
2262,281,Track 02262,1,218
2263,282,Track 02263,1,307
2264,282,Track 02264,2,227
2265,282,Track 02265,3,162
2266,282,Track 02266,4,346
2267,282,Track 02267,5,225
2268,282,Track 02268,6,246
2269,282,Track 02269,7,345
2270,282,Track 02270,8,216
2271,283,Track 02271,1,259
2272,283,Track 02272,2,216
2273,283,Track 02273,3,145
2274,283,Track 02274,4,332
2275,283,Track 02275,5,242
2276,283,Track 02276,6,321
2277,283,Track 02277,7,341
2278,283,Track 02278,8,267
2279,283,Track 02279,9,286
2280,283,Track 02280,10,314
2281,283,Track 02281,11,295
2282,283,Track 02282,12,177
2283,283,Track 02283,13,161
2284,284,Track 02284,1,138
2285,284,Track 02285,2,324
2286,284,Track 02286,3,336
2287,284,Track 02287,4,128
2288,284,Track 02288,5,195
2289,284,Track 02289,6,125
2290,284,Track 02290,7,201
2291,284,Track 02291,8,186
2292,285,Track 02292,1,138
2293,285,Track 02293,2,207
2294,286,Track 02294,1,347
2295,286,Track 02295,2,216
2296,286,Track 02296,3,161
2297,287,Track 02297,1,139
2298,287,Track 02298,2,260
2299,287,Track 02299,3,349
2300,287,Track 02300,4,143
2301,287,Track 02301,5,206
2302,287,Track 02302,6,272
2303,287,Track 02303,7,277
2304,287,Track 02304,8,348
2305,287,Track 02305,9,243
2306,287,Track 02306,10,300
2307,287,Track 02307,11,127
2308,287,Track 02308,12,230
2309,288,Track 02309,1,162
2310,288,Track 02310,2,275
2311,288,Track 02311,3,347
2312,288,Track 02312,4,231
2313,288,Track 02313,5,160
2314,288,Track 02314,6,133
2315,288,Track 02315,7,145
2316,288,Track 02316,8,204
2317,288,Track 02317,9,172
2318,288,Track 02318,10,168
2319,288,Track 02319,11,224
2320,289,Track 02320,1,261
2321,289,Track 02321,2,304
2322,289,Track 02322,3,356
2323,289,Track 02323,4,306
2324,289,Track 02324,5,258
2325,289,Track 02325,6,187
2326,289,Track 02326,7,289
2327,289,Track 02327,8,192
2328,289,Track 02328,9,196
2329,289,Track 02329,10,180
2330,289,Track 02330,11,144
2331,289,Track 02331,12,132
2332,290,Track 02332,1,266
2333,290,Track 02333,2,260
2334,290,Track 02334,3,335
2335,290,Track 02335,4,245
2336,290,Track 02336,5,159
2337,290,Track 02337,6,133
2338,290,Track 02338,7,212
2339,291,Track 02339,1,229
2340,291,Track 02340,2,142
2341,291,Track 02341,3,195
2342,291,Track 02342,4,330
2343,291,Track 02343,5,289
2344,291,Track 02344,6,280
2345,291,Track 02345,7,273
2346,291,Track 02346,8,242
2347,292,Track 02347,1,144
2348,292,Track 02348,2,126
2349,292,Track 02349,3,172
2350,292,Track 02350,4,163
2351,293,Track 02351,1,194
2352,293,Track 02352,2,140
2353,293,Track 02353,3,241
2354,293,Track 02354,4,336
2355,293,Track 02355,5,149
2356,293,Track 02356,6,198
2357,293,Track 02357,7,320
2358,293,Track 02358,8,221
2359,293,Track 02359,9,240
2360,293,Track 02360,10,245
2361,293,Track 02361,11,349
2362,294,Track 02362,1,143
2363,294,Track 02363,2,284
2364,294,Track 02364,3,259
2365,294,Track 02365,4,219
2366,294,Track 02366,5,167
2367,294,Track 02367,6,214
2368,294,Track 02368,7,346
2369,294,Track 02369,8,217
2370,294,Track 02370,9,214
2371,294,Track 02371,10,167
2372,294,Track 02372,11,234
2373,294,Track 02373,12,131
2374,295,Track 02374,1,232
2375,295,Track 02375,2,239
2376,295,Track 02376,3,187
2377,295,Track 02377,4,177
2378,295,Track 02378,5,334
2379,296,Track 02379,1,264
2380,296,Track 02380,2,135
2381,296,Track 02381,3,158
2382,296,Track 02382,4,312
2383,296,Track 02383,5,298
2384,296,Track 02384,6,290
2385,296,Track 02385,7,144
2386,296,Track 02386,8,141
2387,296,Track 02387,9,291
2388,296,Track 02388,10,208
2389,296,Track 02389,11,326
2390,296,Track 02390,12,258
2391,297,Track 02391,1,313
2392,297,Track 02392,2,270
2393,297,Track 02393,3,178
2394,297,Track 02394,4,261
2395,297,Track 02395,5,135
2396,297,Track 02396,6,335
2397,297,Track 02397,7,219
2398,298,Track 02398,1,227
2399,298,Track 02399,2,257
2400,298,Track 02400,3,295
2401,298,Track 02401,4,341
2402,298,Track 02402,5,359
2403,298,Track 02403,6,241
2404,298,Track 02404,7,266
2405,298,Track 02405,8,345
2406,298,Track 02406,9,180
2407,299,Track 02407,1,196
2408,299,Track 02408,2,140
2409,299,Track 02409,3,221
2410,299,Track 02410,4,351
2411,299,Track 02411,5,338
2412,299,Track 02412,6,302
2413,299,Track 02413,7,128
2414,299,Track 02414,8,248
2415,299,Track 02415,9,266
2416,299,Track 02416,10,350
2417,299,Track 02417,11,252
2418,299,Track 02418,12,324
2419,299,Track 02419,13,266
2420,299,Track 02420,14,293
2421,299,Track 02421,15,278
